"gene_symbol","Interneurons_py","Oligodendrocytes_py","Medium.spiny.neurons_py","Endothelial.cells_py","Astrocytes_py","Excitatory.neurons_py","Microglia_py","OPCs_py"
"Abcc3",4.05664881092862,4.72283442973802,2.70992236828648,4.38573951942569,3.30322220784927,3.57212065672916,1181.77015012147,9.28751043305327
"Abi1",61.959350537972,73.2799049808717,82.4176690515223,73.3674191538434,110.709743561052,60.7747047455512,440.806570678486,90.0598007330844
"Abi2",49.4219940164311,25.0108349893111,64.9630663108416,35.3622116694229,17.3252129309345,70.6985568924749,54.5224759586314,38.1043558230634
"Abl1",45.3883891922798,243.803198455986,43.8398021718782,102.567192664976,26.9666757260403,38.8516659015112,400.574324688003,54.629053393318
"Abl2",49.6813425710394,37.2308323012586,70.8691482696482,34.43656242,38.5858722951619,63.9119706941393,177.90193824251,47.2886475109007
"Ablim1",64.2167756636097,5.022726887,20.0291548264922,110.978243547595,22.8392247770995,67.07643907,51.6868231807239,5.4224461485959
"Acat1",30.4332542,12.2495697665862,19.0184620452503,12.4653544903925,11.7934309737715,20.50240077535,24.9841935504573,13.0838623925922
"Acbd6",61.9049387700893,32.3377626564075,48.357986334984,36.0841138107345,18.9742320120662,52.9532507382846,114.196146319561,36.9494542837469
"Acsbg1",2.87907990484154,4.62800209251681,3.72297801656374,8.5316851996076,491.0341661821,3.74503650089762,23.6112445853383,26.1703226209614
"Actb",19.2354104781714,37.5695726955222,20.3132091312788,67.5983780714974,14.3675552555407,17.6540148404451,101.626557243256,32.9631546179436
"Actr1a",72.8748193532838,81.443318652189,39.2405884905815,46.3700362948764,37.0068734999413,52.895314033096,170.000527027392,53.1612069324682
"Actr3",39.7577733188286,48.561113595175,53.138664536055,78.9881053544934,27.3850739708727,46.2646048262811,361.675645256568,57.7104454313054
"Actr3b",6.45113489859361,2.79346783078749,13.0024962530014,2.21993994315153,7.08064956489287,10.6081145182861,22.7853955326202,4.24388789592143
"Adcy2",61.314906483572,9.11306703070363,8.56910516774988,11.6555811705846,43.9723151894775,75.9590836995791,26.8050685474669,11.5159917437046
"Adgra1",54.8630344260697,8.19080713766233,5.504737493,6.52619278999297,10.0178419906757,49.4666053479324,20.48721866,18.5234553055863
"Adgrb1",27.2024926621663,10.8719228638581,44.7277042304782,8.20783100259797,17.200974377459,67.4111074611407,16.93581011,31.2071934354284
"Adgrb3",72.0081364425371,10.9277552364872,77.707325134946,14.295226248998,23.8561657898332,74.9886126247717,25.7194532924461,31.1956750765789
"Afap1l2",2.04979389008198,5.53757799482612e-06,8.37342360077028e-06,215.934912498494,37.1695123985113,2.28052137062715,15.801006952907,935.004247261897
"Agl",71.5221133756064,47.31826843,18.792183416836,45.71104377,206.778303445896,34.8824539734827,147.300802620117,107.64826696932
"Akr1a1",14.4987625615815,13.02911404,7.40987992521294,13.2761549109031,7.7702393193871,10.4431110536956,60.594346294679,10.6920164189122
"Aldh1l1",7.45699311306231,35.5060916372726,8.8591785928941,34.6803856233281,735.09629007354,17.98115144956,124.603689257528,8.22785136954151
"Aldh7a1",42.7392651186972,23.3582316818304,30.0772575979654,39.0308023842866,63.4424366723963,37.4116905719606,58.2813341825109,68.9358902416379
"Aldoa",18.0751731358957,15.019650043472,11.8962141957464,21.5499522791335,9.87912847060814,13.1134326523289,44.3413827224237,8.525455849267
"Alkbh8",70.7259809990413,54.1718788949203,52.1887530195564,30.8163032543666,37.1355779572803,57.22275464,79.9045838225716,56.3507054882389
"Ank2",61.6745303279974,118.652788178954,41.1384013571969,55.751213669232,66.8447805618686,71.8265113076131,61.8835919333396,27.5037782454594
"Anks1b",64.5166921364864,51.0891821999629,109.664784783903,11.5617870217967,4.43223685949037,77.1385147376828,17.641439223107,131.23636148241
"Anxa5",60.9806804629532,39.79292102,34.4096413806961,301.181552145491,90.0040266723817,79.9907474431874,366.935258196159,8.54221274118139
"Ap1b1",23.1809065626075,10.3595318357219,16.6625327910752,6.43097600542652,6.58140493133228,19.4218405920871,52.468524990036,10.1697395866046
"Ap2a1",100.3902243984,97.3910490853371,79.4229093765501,63.600723579053,33.5892971324952,95.8290130240465,112.456509158119,85.2690386840907
"Ap2a2",29.0469433282498,14.90010133112,21.334390477025,20.877611579791,9.46590871487706,28.3287941197659,50.4229618195619,17.8849399901311
"Ap2b1",45.3670069719122,25.8809093651534,33.5039270633312,28.3932515856293,12.7545359388208,38.231598073535,83.6382747660421,26.673500774229
"Aplp2",30.8894314702279,22.5592423542145,12.5380382879922,25.6375509559884,9.728316374,15.6937384464652,30.1576909374273,22.632514073741
"Arap2",78.3124991677325,247.034181543375,52.9103147782799,95.4396551025979,125.286544625772,165.151407812061,219.818132340803,52.2584108934299
"Arf2",139.747346553397,66.6254854523012,88.0870559012553,162.946773008149,35.3917546615441,119.938651143215,478.322458690835,61.7739621968363
"Arhgap27",8.3003624462846,1.03852096341856,9.26654633315832,19.4505934544079,1.22266709890569,5.40461362627304,232.725295627798,2.22432998599734
"Arhgap33",16.1217031236909,21.3973638768053,64.3115483086112,6.47673580085606,2.52845304556982,41.68666576,14.2398791040161,13.5973267739317
"Arhgap35",36.8455876373087,29.4836678687622,20.1299681760915,27.5370428557404,30.5569507170417,33.4985490551278,67.99236071,108.37037523247
"Arhgap39",8.783044410607,15.5202672415679,5.35990568027933,1.99245280957838,3.04571275457159,12.4293096726638,47.7089993767102,7.32909245817571
"Arhgap42",68.413597643758,17.3218658239237,21.800343985509,522.652144374409,219.458196779952,145.099962331474,24.9583211792459,121.905158707376
"Arhgdia",14.2698045638848,17.5175460459114,9.20163318273451,26.9930840969521,11.030020653922,13.7722580950373,77.2173922333526,13.1207414266347
"Arhgef33",83.25063107,22.9373334141199,142.540563379245,39.774626671042,28.0318226138096,87.338495517312,162.087473437187,79.7248846518343
"Arhgef7",10.3952668367554,4.06562962359519,12.1567717115336,3.49543283898538,3.05709856711641,16.2051459890977,25.6906670768548,9.47145374131111
"Arpc1a",63.1441857102791,106.112229495129,77.7867710719479,56.8937423064008,29.308205021809,67.9141203694959,124.78293678333,77.2640789459574
"Arpc2",39.3513894420064,33.337365426376,57.6130342935819,53.3123371990811,18.24080166,50.3674682587019,300.781363598369,28.5095614272564
"Aspa",0.35462989599238,131.922750686707,0.30322423239457,15.0532811862508,2.96908415647264,1.0428078988195,1.83721951591461,0.840777486742725
"Ass1",130.470290097321,25.0023468193544,81.3794773031631,38.2483875395731,66.3276647776188,35.6235705038091,71.94739972,10.1352487870099
"Atg101",54.0541569504008,73.380298068907,51.4420622766342,91.2147469118265,44.4279231330775,52.4230356689861,163.667031976708,126.680718955567
"Atp1a1",62.5737920850876,104.621736426919,72.9247318774964,52.7071608659088,19.1116828944539,155.442672001534,158.857373228652,73.7117875624497
"Atp1a2",3.60472385116056,10.541007131249,2.84843071575834,1144.59035864606,694.78237500138,4.82397609634326,29.9749807311165,176.740796935317
"Atp1a3",496.990377000826,52.8193393217374,215.952189901397,73.9090739670543,26.5811848438315,289.864529462957,168.12498867323,58.4726848553516
"Atp1b1",129.767285623129,24.0960244151255,45.6613711114986,37.3482624307295,19.9986210513733,57.598868665566,57.79869464,19.8208775022412
"Atp2b1",18.0761986521838,15.2368859830213,64.1466915069361,13.9112358100479,6.34982906718667,39.5810374372611,47.4192532948536,12.7840773512572
"Atp2b2",34.6322543100618,13.5496443096693,44.1133748990113,12.270983654638,8.36606988191105,45.8338001960282,33.503873895849,10.3020527106134
"Atp6ap1",144.830267871098,119.476012714506,56.7228790302069,77.1705027485797,44.5837658276624,85.9821718388137,276.636476724278,104.176282917903
"Atp6ap2",171.44712736,96.0049215643175,62.2240396307965,77.3942738877882,28.8931546032607,88.6748957498439,225.735812836548,62.3560390707924
"Atp6v0a1",31.7656956799384,12.1742394387796,27.8252344371202,11.5256810107003,7.73964543333505,29.2331840296947,56.5505589831581,12.7425062568647
"Atp6v0d1",136.964440481381,98.2699705947201,77.9868616996727,93.1149632263394,53.3994267976304,107.621384997773,314.273684793819,99.358488684803
"Atp6v1e1",40.0752992880706,34.2052410796718,22.892022270843,37.2091891689606,18.4279893824598,23.4371954047612,96.04987072,20.7165315052115
"Atp6v1h",143.047641162433,100.23786425641,146.103341183304,80.5965498395295,48.1013466263714,132.010559021538,234.133321389041,102.542689355266
"Atp8a1",7.95542044366474,29.1864825311726,11.3977021121719,6.36491855028601,3.71838118120547,11.3111586087279,38.8054211649616,8.44179087046679
"Axl",0.373573553637526,2.43241309257759,1.05547648101718,127.641418634911,93.0453985477143,0.914898866567724,507.420328007425,64.8376777138668
"Baiap2",3.0509389667993,2.54818449427724,54.8441559229577,7.88518878218589,1.37760935789985,31.17725679,11.4492077344105,4.642549558
"Bcar1",50.9306716148429,174.278735980305,22.3723003890839,38.0790427492984,27.8274670033154,33.7410880035382,6.14590691237811,29.4032915680461
"Bcar3",66.2333949606256,18.7353139531034,37.2098905347464,166.510922199164,511.424984841715,33.135202772998,610.425395796576,6.65696591325377
"Bcr",101.120102541885,30.2575310335183,298.980549805805,87.18764962,39.4876974829415,88.43036278,59.9717847653092,35.2070312906459
"Begain",38.9397375874631,13.8950654355311,68.3147117216427,13.6251273980224,4.71406816468111,62.6661796549286,8.54684159787574,9.39903982345248
"Bpgm",17.4404534661686,112.381674115706,13.44433381626,12.8300237507157,14.7243439615137,12.4725467518784,23.7293058012913,40.0127086246743
"Brk1",27.6184548705816,23.7774908533265,33.4739620809606,31.2740737284042,14.894468424671,36.7716464686634,118.267376197024,28.7177561305493
"Cacng2",78.2940662593077,9.97332914414939,31.9607863264148,25.8231341901809,5.04243127202904,52.1374942662348,20.6136852946665,4.29835439165689
"Cadps",75.33260684,16.5075196541882,30.1950463509756,8.51339400214232,4.03894408408518,74.1755064252227,20.3906273577419,25.0044471615141
"Calm2",63.28163719273,77.68170132,62.6894455512958,73.5588741393469,36.0782362019337,65.6836359,200.639251037357,46.2012939269824
"Calu",35.8492971899988,31.8056503364639,16.7975146177966,101.9641585,28.042187717796,20.9633084870118,106.361688579523,61.677046681887
"Camk2a",24.95745162,10.1122179396373,46.56072331,15.0589597861223,9.01155854293904,74.99126228,26.5964748552666,7.42310993548254
"Camk2b",54.5287515545729,20.466218578991,178.926413732927,20.7162655440605,10.2573121400449,108.79276383584,47.2264910828741,19.1476221926367
"Canx",22.9389338108363,18.6329848525101,11.049804004637,15.8141119975778,10.1570440346525,13.4009497001787,49.8720580995318,30.8831405957368
"Cap1",24.0147312662287,35.7018605623783,43.95124604,14.0986119147175,9.29409461527037,25.9598334497665,170.551607687158,24.48063432
"Caskin1",75.3811380707013,8.23309102881909,30.3862459752217,8.00873731934454,132.694679166077,56.4197452675853,9.26077246328189,141.271034688078
"Cd200",78.2614124040116,20.3736534023046,26.0801773148735,60.8936169831397,10.2239038291742,48.3969653902627,33.3809553083665,51.4587818151326
"Cd47",71.7127745791023,51.7429849416384,60.7132527375816,56.700173566321,42.0961730569845,62.4442341016252,142.988165,43.62564478006
"Cdc16",21.0795486076012,19.5172033311667,16.2784327161396,26.7112266701836,10.698530577221,20.2474492334644,45.3886959583633,25.7373552441137
"Cdkl5",11.4240317939131,11.1547740800328,11.6794351418142,5.444405863,1.65324631776587,12.7436241693997,10.2454622997408,7.47715870052613
"Cfl1",21.5097270740842,30.7374762621707,14.7862519516953,50.7202228713571,15.7195886728704,17.7196103392356,105.84005017692,24.5961607831183
"Cit",167.977638265172,7.67788796035708,74.7176781266959,12.3366426246473,12.5239152089032,88.1367596664467,28.8823554045045,39.0837999387884
"Ckb",18.5916090644817,20.6113338962113,27.4253813029819,16.463892960375,34.3969448654018,17.8276673969844,29.1634968025769,30.198209609648
"Ckmt1",170.729176826903,31.0646074183918,105.636054388164,21.6266803059245,15.2324755849682,118.813925991034,68.8653597069837,17.7362168115956
"Clasp2",9.81026499944938,36.1623455929519,6.24678613780237,4.90753646772153,10.4654658989565,8.30714219818273,23.4596255428512,11.3428460834055
"Cldn11",0.798477237511921,100.319531456604,0.695473152970838,8.05810228766639,2.51341256570247,1.3640355194397,7.89690197853496,5.330360552356
"Cltc",103.149783726565,73.5229094377217,93.1256493108776,85.7144587068974,40.3285361694303,87.8583152398774,443.530806973562,69.0017469071515
"Cnp",21.556341171337,783.850818629054,19.9513294197963,35.54038559097,55.721801146646,20.1120767063988,142.403086456524,98.7887269308522
"Cpne5",8.70416377769959,3.00468970551174,63.498317627205,2.921995644,1.63228268652432,16.120448842733,6.498376824,2.4815154897676
"Crip2",15.2728128844883,22.5857218837905,43.697252580604,150.151723397587,74.785491705685,44.4106363596793,47.2415995588421,31.1663527485114
"Crk",26.5129964969535,25.9210805847061,25.0545035157817,30.9037052039747,13.9988637725563,28.9557696465868,143.919151182678,19.8320036494562
"Crkl",57.0843274466249,48.6229641924442,36.8591738782069,36.847577548159,30.8711735065522,46.7659661942488,169.79494825983,89.6004009265099
"Crmp1",536.144002,96.3175123601648,384.662128556994,114.751132857036,44.7089250011064,590.517186092511,227.204987107607,94.2065609951928
"Crot",9.02827249074099,12.5723176923382,2.15183016826196,8.47157710577411,38.4083926012055,4.68580634779251,37.88284726,24.2075444317503
"Cs",29.73384135,18.0156169043601,15.2257781655071,16.8740372203502,35.4957682157703,20.7589748821722,47.795736470611,17.7781190235699
"Csnk1g1",15.2623686176719,11.1338316413122,22.2803223379831,11.749426210687,6.28127104152473,22.9336763095827,44.4484461415647,16.9545482100766
"Ctnnb1",59.786192193742,62.1902518098524,62.642411510299,195.033828634581,68.4597414826897,73.19966098,278.964784350117,80.1418101720065
"Ctnnd2",50.4110370042552,5.78706269117864,28.7749124990899,5.35249063612947,83.736377169455,32.5039431795362,11.7207142294225,89.1185079466027
"Cx3cl1",16.106556515077,4.84143744262312,19.2607703881471,6.35921946520896,2.6114026730393,20.0307763956326,13.5154943209505,4.966239555
"Cyb5r1",46.385437144997,29.642048265773,21.5236017535591,43.1971519883914,8.672855562,25.5282194161746,412.395569957648,4.328697459
"Cyc1",49.4565514125528,23.6719633356147,21.522722607749,29.3251260186871,32.5151647944005,27.0397679150464,56.4447371440124,29.5642251657609
"Cycs",49.3006498140911,29.4632271718998,19.6792737826955,46.8437109674857,25.042037412215,27.0869395039078,67.254556679447,21.978733473493
"Cyfip1",55.2493639978559,44.713308213207,36.3808609864766,39.3050453231763,54.2998424909657,58.0354887667424,590.981133247893,64.4671316011923
"D3Ertd751e",43.0908993717885,29.7315376323282,34.0915018577477,38.0868942968778,39.3627152839551,29.0104797113523,106.126037012425,33.9046584266689
"D430041D05Rik",46.663603400843,15.283143049041,48.5198763028397,13.7101754301798,5.26072154518736,73.1599136502171,29.6637976935215,15.9567919730667
"Dab1",99.9332228370898,14.6306190644104,113.904949799886,14.0993135495834,56.27777729,104.704542973563,21.0271138352864,47.595196218074
"Dbi",444.6185272928,3424.855887,231.520875600728,1419.0912270752,1651.36216876304,331.951944955712,1877.64129163441,3067.22363391098
"Dctn2",89.8875192274504,92.4748948465335,46.6531529478743,53.5308079508588,51.1748910125634,81.5185587422043,201.915554688617,90.3575004127428
"Ddx1",18.292822187245,14.6259891699121,11.2600149127811,8.26839718292721,6.20115744071944,14.1387027056001,27.4447847581019,13.0022912022886
"Ddx39b",17.2444957730488,10.6733724103687,11.7554297109929,9.75164299534785,5.56366320008963,14.9108154519021,53.3914153313463,16.2243196878936
"Ddx3x",71.0957136778329,59.1376698326701,42.1389336624583,119.562955334071,35.4221260668406,51.7986044705246,316.712817320397,50.9677427239545
"Dhx30",47.9718761698805,32.6494648102599,34.3323807626269,24.5157115637284,22.0706766142604,44.3824424880324,64.0415818034907,45.998732500531
"Disp2",69.2374664211582,5.47959716318247,12.6466206487769,6.68284572790116,3.685643351,40.9876742814271,18.0421661734551,22.381878347676
"Dlg1",20.985267456469,100.901169778166,36.6692918339311,30.2519478679141,20.638863811083,84.2656301452974,51.037497128232,30.7111367153719
"Dlg2",88.0672639404097,67.8611087289327,123.084560182187,20.4031846704475,5.59747271902299,101.634384378384,21.0570789640418,35.6764357742664
"Dlg3",33.2911597161657,13.5573333406556,25.7004510766829,13.3796249109703,9.57922812340847,31.0137611399247,32.5998887937545,30.2314671057259
"Dlg4",52.2666054865517,18.7553951889411,89.9031755988449,41.3424848415352,31.3036232509213,84.0063855232265,72.1121411353456,35.3386732819485
"Dlgap1",95.5224108020255,5.57270056287648,18.6445082840183,10.1587100349353,17.5420307305158,64.6813980356445,15.0585839833534,55.8177252503185
"Dlgap2",58.637329050138,3.48405173095875,54.0394865220411,5.25627233347298,1.82763838710544,61.5619124846634,7.91142261967152,5.31494318782781
"Dlgap3",42.640233167993,16.2894467768047,74.711214540731,21.8505911556421,9.80104846685655,65.8917607844464,43.8700074270788,14.1007326753279
"Dmrta1",0.000558557,156.950928806658,0.000455136,0.002427395,0.000971768,9.94324488786171e-05,0.001450996,557.583275183064
"Dnal1",77.74188403,60.6751079057206,67.27229175,29.6018722392056,43.575517642419,89.096102238621,136.30204303897,49.51898677
"Dnm1",153.99249110193,52.1491748616877,96.6391519277146,38.1430859765413,21.1079206154563,154.925226533519,123.066990907963,66.5704463174269
"Dnm2",53.0324608433775,68.3459152756194,32.5308755687019,37.5981951346707,29.8255091905205,40.8877453135195,237.479527694402,34.5805085880275
"Dok1",1.51736741688389,8.089947031244,0.683408372442859,27.5725672779489,17.6570408679369,0.92080449806993,550.140826450282,11.7256517425003
"Dok7",21.7534957063577,14.9449727175614,11.6988812679739,1.72903561612297,43.56057665,16.7139920532471,5.37363123421152,10.2703515669557
"Dpysl2",95.5211065975435,204.352471850525,52.6918551733343,65.9263878107863,53.629412450267,75.161619115115,198.193286547268,70.8171661890648
"Dpysl4",61.49643782477,5.04674270038136,25.7351566065153,5.51123687662283,9.32400593943873,39.0057242545404,13.7220085347383,34.3542623431199
"Dst",13.0935225921324,16.2592008470051,8.31432035790468,7.0473173345469,6.42808396864596,11.6874605528053,27.0950900835896,12.85301477
"Dtna",109.41150967634,141.381124776865,113.4580683555,43.6155069801218,599.033282179697,103.811758835503,45.3041567570368,120.067141614405
"Dynll2",61.4555561909453,47.8304769737585,29.518525893329,45.4434694083726,23.1331799177008,33.0706031742324,120.819331484046,54.2912883821454
"Dyrk1a",664.650227562586,575.98672490914,557.477642118986,403.191616678325,393.888563846581,733.569559945138,2150.9002464632,623.898758189873
"Dyrk3",24.9843791653695,7.20652874181047,8.97268905979366,8.257720897,28.6329002005344,71.833156351997,33.1468703703978,17.3303734755252
"Dyrk4",0.000284464,0.000153292,76.81148207,0.001236233,0.000494906,2.74878041235539,3338.9770175452,82.67047905
"Eef1a1",85.8685670342184,127.88027731258,54.2091109882967,228.675181873298,63.2747857933057,55.8818661227531,783.120347405199,86.8773873012481
"Eef1a2",180.838709673995,72.3029333457956,88.2245318998723,88.311132310918,44.1301542389592,131.406026463218,205.720707613191,65.0097541923563
"Efhd2",59.0057528893984,21.2555371676752,8.1172826058256,47.73557315,25.9207374203241,57.151442150767,389.323870345456,13.0200709435687
"Efnb3",4.14463658195844,44.95133789907,7.82896735778787,4.85238317878707,1.53539853514195,4.55435295838298,6.09177189259865,2.95934562284322
"Eif1b",93.6793284788212,34.856691571788,25.2594307276257,39.789054055873,26.3449802018393,57.1027966485626,135.5150665,61.99742917
"Eif4h",16.6147303173054,27.2179256027665,12.265254023627,21.0093534733969,7.21748591381716,13.7206316475297,70.0848758591768,15.8120522663552
"Elfn2",62.5251966976514,19.2812196002483,38.198268992517,14.7058044560483,6.79779261568998,69.6962058070165,47.9504320850945,128.908672842534
"Elmo2",26.5620008359632,49.3203656225518,27.0992642499481,12.3713466817373,41.5788006715853,43.6364462326596,83.7639262062993,18.9893322206821
"Eno1",209.959319686837,125.439626310943,164.241358011918,184.820421042193,235.55960849031,227.344550184708,550.563726498419,263.176839685109
"Epb41l1",216.891445551262,73.7443043971236,189.645753714267,60.9270551854566,22.3302252732224,162.645827478807,69.7787570214873,88.5872494826622
"Epb41l3",73.27150851,202.563797872594,50.7003125830813,22.7172734754714,7.4428297330485,50.3906718459412,49.4966853501564,29.4604747511517
"Epha4",15.8268220158026,17.6671797687174,38.1876956427218,15.9965578580698,8.47261172145561,42.56598818,31.2288691404838,12.9455885181131
"Epha6",63.0722544787002,3.07452513048754,44.9328661359242,3.53535817237162,2.53693935813061,44.544803468204,10.7004101097153,1.44909184312935
"Epha7",29.800656976677,7.69247267910828,37.8432292370004,18.8743569094526,5.19187073480508,37.4160046465182,14.3790443495098,4.98241608147256
"Ephb1",4.13474054269101,57.0937526655689,40.0958621715709,4.19567237682869,23.7841021591575,17.2553796044752,6.18252453721441,11.6445034586535
"Ephb6",283.133954899067,79.6287140620944,144.119690775247,104.142137890612,49.72821818,356.2523242084,91.0633582835115,192.248322955578
"Eps8",47.9687735224853,4.84847125421878,6.07799706035137,35.789758060061,109.321300961226,6.79390140848446,22.9188996062642,130.226008121015
"Erbin",17.7481514005876,162.27092022566,12.1600855832107,27.120458315197,17.0941768081915,6.62840930664227,129.604490074086,17.3309218830664
"Erh",31.8409444503211,27.9229361488349,14.4425873883043,25.2272114995926,15.6560376325124,24.7545682225257,64.5079783739063,29.5687083103559
"Erlin1",31.4066475396673,15.1718908838464,82.8490174507626,23.5804160867918,10.6186650898115,40.0665376096324,85.8183844943821,39.9404517
"Erlin2",17.6497279161219,40.7221448638524,7.28043513643566,14.4263408192907,8.1333262443352,11.1342783344659,52.5093880921396,23.0680126449104
"Esd",74.8009498,57.0233521264091,49.0914323688571,97.6772934508712,31.7790087410984,47.3451790997339,165.967554871712,59.7001179750717
"Esyt1",24.6277087441001,37.1551781261706,9.82960761702184,297.272687170253,22.9238315911636,42.9320039488286,531.283831759892,88.3466050440256
"Etl4",154.386094467853,5.39237766079643,23.5528448670831,36.5823862332414,1.70670025827263,83.6883124971935,135.197494702487,6.07697673879687
"Fes",1.62167090841878,1.50964793847794,0.181327411,11.5086640267476,3.47914601828637e-06,0.429218767346966,614.869003571617,2.22764631334134
"Fgf1",14.0370079215929,43.9849824113901,0.652828612112563,23.1574797485825,77.9173146626778,3.01454240500836,60.8996546792046,8.01104065619195
"Fgfr1",66.8446121997862,26.4372082275049,42.1324667341112,433.41628257412,379.137524235755,54.5806257630245,27.9562498172642,173.846150493045
"Fgfr3",10.5029491448354,10.0224103096899,2.02740196997136,27.9726591651565,1494.44156803265,9.40341551620518,19.0183894939126,84.67172052
"Fhl1",40.3405491203157,23.8497943125186,17.8287277295258,16.720869146078,9.618718867,18.7264210876366,5.773295008,14.4014466995085
"Fhl2",6.054397654,5.30604751274359,4.65061135850402,57.82183971589,1.59489743389596,41.3189246386895,8.70153310535744,5.766392368
"Fis1",40.2502811964688,60.9663258226871,30.0426923260424,53.2273056389341,23.2064712670345,29.706095791002,141.66349384724,37.5662161860723
"Fkbp5",67.0576475172345,106.669377719861,112.782842328289,605.372753435182,17.7199835719852,77.0966750438659,1729.37361172166,143.367375143065
"Flt1",2.84102553587402,5.6405244132081,5.05204995680449,2823.316639,20.8123572301639,2.23235117925343,422.679262304636,2.05540159930145e-05
"Frs3",50.5665699432567,24.4130622408974,19.640033558723,57.32257195,18.542529929868,26.4857212815358,95.09733674,38.70398456
"G6pdx",36.119087531123,29.8325484674392,28.4758774765534,50.6637892887106,22.7981625295851,19.8591056844261,134.008811808079,24.5917240110947
"Gab1",2.27362013364929,296.760556007301,3.15397108277799,65.63178414,42.4087281448149,4.3484772097869,143.472774004611,110.808481495357
"Gabra3",24.981473354268,5.59807019701607,6.65516182096985,7.09010380619044,3.1860513146215,20.6448366635683,17.9806058003208,14.7705934391363
"Gapdh",25.5069160325647,20.24052225,15.1703514275507,21.2800336991451,14.1309235091742,14.0511035099135,62.6530769191221,13.3383550891833
"Garem2",4.95261822182542,28.4713175871086,0.984598973,22.180171743798,125.57082758164,0.398510038380348,10.821708108044,50.8588188508533
"Gfap",16.8137248881764,43.8598223383146,12.0926805652621,53.0993723026963,642.597350710479,14.6029122867807,558.254640673594,39.3258958186347
"Gja1",3.71770959805373,13.1060779824241,1.75859159874158,217.705149768987,709.620234450142,3.13219052905089,36.0998271804305,4.65019769558345
"Gls",29.0684763232219,17.1463564382791,24.6397138384572,11.2145422399738,6.92363427014667,44.8460711213945,69.2246856849582,18.648863257341
"Gltp",31.8899592643673,292.101116815967,32.3699322845053,112.493491688028,39.8907695472394,23.8640016667555,373.056155914796,174.3057932
"Glud1",25.1459878835109,20.9749691417712,15.0864386204165,35.076941785514,155.192645876935,14.8000774606864,80.8967308596473,46.7249084425787
"Glul",8.59668954201747,157.47800417452,5.14732078257162,101.882003442267,258.600738772455,6.94118804423517,136.021659817504,17.2389335609681
"Gmds",101.180235921977,67.3306753874069,61.5897084134335,112.788902144912,29.8933203011328,63.3641868678986,185.786460497177,119.820112619726
"Gnaq",20.0390679919323,18.6524922216862,14.8135609181827,19.5425018424729,22.76533857,25.8361867775118,76.6556756725804,25.7815386705881
"Gnas",99.6514583721287,51.6692235180404,17.6023742914149,122.276450935366,36.0887112263782,54.3836254880495,218.485747376282,47.5283269922573
"Got1",90.3326620615259,28.1044797611002,49.4124016921869,14.2729038759899,19.3400380226608,52.8068067500817,193.439442461853,17.4273417174176
"Got2",42.8691690151814,17.2785510435451,27.3534717890839,22.1963728684672,16.0405167258105,28.0992887672616,41.1187917277539,20.9828469276662
"Gpd2",11.8916310415894,36.5062485752026,6.04331031154808,35.2241647897744,49.9052399118154,14.5601360820882,40.2383636247252,15.7559524888282
"Gpr141",38.2703111348615,20.6230609732165,31.1843238387973,166.316393806919,66.5820425582327,6.81275550668382,99.4170224499639,116.884142060499
"Gpx1",40.1228931904192,36.5265580287962,33.8755067999607,167.802519000915,30.5516813994788,34.3083251797544,386.688548713194,49.9185600172557
"Gria2",55.3079046625831,11.749217207523,62.9780815970703,11.4376870317803,38.4678280390786,74.3863024577222,26.8594165358022,60.5530197856084
"Gria3",41.5564505164665,7.84727440358745,41.4895336033709,12.7914153170554,3.20704743671549,56.3647346618611,21.410515211595,37.5492208651432
"Grin2a",171.581927570683,25.6875041381095,123.459083929986,34.8818925245843,11.7743714943741,204.05122437022,70.8618265598504,17.0380735796229
"Grin2b",154.509746538558,45.0872822446026,190.885106293711,54.2889619996854,26.8998372893129,188.273364243473,115.623668120249,28.7842294066287
"Gsk3a",1043.87207236904,1177.30419299106,779.722453096416,968.552863008691,479.418241571456,932.559194003408,2697.56270179962,1001.63814408589
"Gstm1",5.2393305492787,24.3793374580908,4.69747265678699,48.5496913488114,79.4498752331801,5.19997919739804,33.9718211765133,7.28700839241423
"Habp4",36.9943565329814,9.75082927057592,18.8801625776578,13.7914019063259,7.35899738744187,26.9466239135436,26.7159422745836,13.409083177918
"Hck",1.56988780600273,1.10460367969765,0.28919330185833,2.03140446423572e-05,8.13239485265342e-06,0.989086963186121,643.564391939728,3.14083139155179
"Hepacam",1.67216610429855,132.097242378313,0.828689871,3.063882576681,97.7488530776271,2.03205994452148,7.18538130409433,60.4200863114994
"Herpud1",75.855919059573,48.8666081622954,26.2521635546853,111.545388602184,45.5799945347572,44.4138705929436,227.744658354162,58.0336430907913
"Hgs",26.815797662577,11.0083423981281,24.5547296408034,7.94484711434378,14.8973191733415,25.4698617391252,50.2402830593216,0.00012162
"Hipk1",28.1279138928079,29.0203835111376,20.2879693399129,49.2289906635043,15.4782208903763,26.0898320467944,114.346101262392,21.3949089159751
"Hist1h2bp",0.003329336,496.14390510668,0.002712889,0.0144687402575041,0.005792323,13.8465033229046,0.008648811,0.0101683679701347
"Hk1",21.583887213493,10.2603001779563,11.9254393283594,18.0205188934917,11.5492575884425,23.9922627910751,31.2736814833174,11.1116839797802
"Hnrnpd",20.7941076203446,20.9348388318048,25.4072549466383,21.9682862701179,12.4190900171434,19.8915086475505,75.6432605363971,23.1254673728179
"Hsp90aa1",46.6214199357459,67.9870142964311,21.8619403967053,41.5391124992845,15.2965313281586,29.3931752011408,93.9147800845187,28.7094223225554
"Hsp90ab1",73.1874436709648,105.457625437563,47.7386814532327,84.3924958484579,35.2052442054598,48.1567067435197,160.645914137086,75.22856609
"Hspa12a",52.8092196556722,16.8593406815349,40.085270603797,52.8741881736906,4.72290061060183,63.0280750990678,70.3950769569984,5.60964677694237
"Hspa4",132.700467094283,82.06889987,96.8507449595458,108.112593353953,57.4243708280696,114.914885397683,311.635075626594,73.2592927423129
"Hspa8",145.333153638511,113.457704221627,58.6776028761122,106.407866944721,49.1437952855892,69.3866232481735,246.400134259887,85.7429740938159
"Idh1",59.5736347084836,131.808536149526,41.8810887518797,236.13357567486,240.535743652138,55.3985086835189,452.831739679976,152.471081942214
"Ildr2",65.03718393,28.5969360049384,48.5403449839621,210.507779338011,38.6325668598372,140.619806933256,170.644070581166,24.9122061360411
"Immt",40.3382620871646,45.9884218652665,23.8032561654119,28.7034158732663,22.2313287645062,28.2903054715282,103.86732724212,38.9413251744308
"Ina",33.9993262062073,7.80260893413234,18.8584704510981,8.13050101450153,3.79188133429105,34.3914046671133,23.0682706961187,6.25781659950203
"Inpp5d",2.07454625225255,6.36325284343455,4.29754364492914,59.2587397688773,2.4242685304455,3.81935328384969,5798.23532929572,10.8796490929618
"Inppl1",23.7852263112063,25.6113996310512,24.8558882673303,141.779002151453,145.90821534502,29.327783870041,373.121870302119,98.0759095785652
"Iqsec2",80.2683108762806,28.2384538102281,124.887783572439,59.3163939921938,49.0221954031501,175.15242516323,199.790613299187,77.0850942029013
"Ist1",136.15023023274,117.477609768349,86.9866022555102,78.340262416263,76.4170255780561,108.456973698938,204.607563033042,96.5570496739868
"Itpr1",56.7403156375947,23.5113393185901,155.47403559915,104.048891001578,16.7705048290487,96.0311881533756,76.0336816288332,27.8631758999167
"Itsn2",24.4243541277676,82.1302908025293,21.0223116767247,29.204635416208,18.9694213233885,29.60635357733,115.344143199538,30.6417554958384
"Jak2",32.1427403601433,150.497597547852,81.3760241290463,52.7196029807718,30.8237192515866,62.5818973205898,147.124205989826,77.049301817504
"Jam3",16.7983955173376,124.147181074493,12.193893774463,20.9508508691985,14.6702476880767,32.2982384986529,24.4613665571123,75.73240426
"Kalrn",68.6294339442942,16.6788827943837,114.934774765755,31.5874864132603,21.8806478594488,258.568635858541,54.8402448673594,10.7394763750736
"Kcna2",200.187465489239,119.481130441243,76.1486846342406,63.217213467254,96.710920595096,118.026806291475,120.883220812903,81.1543692284587
"Kcnab3",210.119351688458,9.01783813240719,26.8300076831985,19.0999901638718,8.39826016697418,81.5593594832812,54.7617556589856,48.8437359846647
"Kras",41.4020195598096,23.5900917448791,15.797325505981,37.904446907589,19.4639744953079,33.4474834749914,102.483497380867,28.7338971366473
"Lancl2",39.57970003,34.443037222994,21.9534842648082,33.9169462174274,10.1926291047603,31.7039487246136,30.0994893233094,21.5859838862359
"Lcp1",3.43567711090292,36.2314455410423,0.873998108250406,8.4240046375641,2.50999489630262,10.2767615496544,1359.71513086945,3.95277885936867
"Ldha",31.6182808199427,26.2009717505084,26.1525441171732,63.6546492713427,28.3178285667758,36.2646545356287,138.57563353154,38.9480197868911
"Lrrc7",14.9415816617722,2.00358439621523,40.6157829636401,3.43013018673958,1.09870076313057,27.4421242939996,4.83352592203455,10.0531103820271
"Lrrtm4",118.441341856897,14.0841405229674,105.925170939747,14.0677103075138,5.59354176855831,112.573914094163,41.8620641999091,118.313040885371
"Lsamp",35.0733124962558,4.66627265612129,15.9720246803165,5.40837521870533,32.669668156247,17.780533764313,8.49001315528658,49.4106133394615
"Lyn",0.912831368537641,3.71081973289138,0.618960529993963,24.4789581474452,4.19014907346806,0.692241485565309,758.8263429,13.1001025607508
"Magi1",316.550887719992,174.26608491409,67.0799961995126,38.7878588690263,63.4401316165265,161.439895566906,291.911434613244,123.879271321422
"Magi2",43.7932873472696,103.611195446436,27.3670600725343,9.46566302218154,18.4524844599029,41.1334996175157,8.30269742199336,36.3788993753621
"Magi3",42.69789583,12.40653469428,24.7923750952715,51.627252238917,34.5583166393419,48.93830468,38.5849394752523,29.547933676455
"Maoa",15.0885848311118,13.6762447555692,11.85788333413,47.2698155164664,21.6566031769304,14.8567726818324,9.956856383,18.5672697293461
"Map1a",19.1461791225621,28.4761474218242,16.8007444402661,11.6838829574503,8.35102514907327,15.3163971331235,27.8137635858084,10.1631198211124
"Map6",11.0058591748033,14.4000233937553,13.1440482729286,7.26229772896217,1.62224436182978,22.6195836184068,5.7322728872028,5.87720915021646
"Mapk1",407.80226958134,328.066575720587,644.678048682914,272.906306558949,184.852352118475,468.342227652179,989.942291978242,341.254696338615
"Mapk10",873.38053108601,152.737276007696,517.226961020836,165.311535150001,299.620658937812,884.173352521334,365.722442344358,388.879244158568
"Mapk14",11.7169988480942,7.61039973527799,8.63307234478586,5.602942731,2.83273565747996,12.2355600199648,51.8952678277412,6.14987318030655
"Mapk3",266.980390516151,630.275252792597,122.653912947701,698.440443054178,164.447924838674,170.467594794121,1402.84026066409,172.554840942184
"Mapk9",666.590518160095,366.8916393,332.669002882749,239.572111522042,180.468902445317,494.379956081391,901.424315823174,592.872076239519
"Mapt",53.244006091747,245.009729302424,29.4815458184559,15.0351464126482,21.3930584578569,59.7665183086632,18.1427238655892,55.8610997884821
"Mbp",6.3522257083953,793.555831410485,9.15510057539391,31.32590770945,25.3450346446327,15.4753320555513,43.5340891130597,71.0173399722466
"Mdh1",116.759698719659,55.6296053792165,70.4280022266468,46.0691216124409,38.05906235,65.3788566830453,136.582992536504,50.2766323537032
"Megf10",13.1516458948353,198.446424574158,0.729383561972074,21.4509374117015,91.9656445702763,2.60155142054654,5.558139408,63.4024472490286
"Mertk",3.78470957876109,4.45519981468155,0.839324107622178,30.3487090298141,303.442884542103,0.964586621806148,1507.25257530836,52.0670259492377
"Mobp",1.36775544198004,248.295349203877,1.11044929893581,12.6013686108041,8.00301661453741,3.38354836757181,12.0889567302632,7.42989399258959
"Mpzl1",98.8396132400353,480.957682475852,62.0375730236999,272.318578933073,107.100367421219,62.3346764381732,39.8401060681072,941.959605032343
"Mtcp1",10.9713662769683,22.8577940339718,10.3397701348542,18.5459108914641,9.79292796434232,11.9902558918686,44.9318075442971,21.8264419473901
"Myh10",41.9897570324192,13.8033902742822,58.232109663235,26.9712637991272,10.8634901049218,48.2672790349141,33.6623604271942,20.0354636101549
"Myo1d",10.4186454240747,155.182653354467,10.5343978009877,27.3220653230547,5.01531807515962,17.4336558372985,15.9031223962289,13.1115670047837
"Myo5a",72.131443430492,50.6765616066068,73.2489235796397,28.7380384080817,18.2480832747577,71.7748709342089,220.500957960459,83.3013410874103
"Naxd",211.669796083959,213.735908227802,165.197625545058,145.093323985809,109.868732007167,203.307051093816,510.234703942962,210.566324226494
"Naxe",27.6435241857122,57.6196666316027,17.8889580724086,31.1778654299177,39.7150616018349,22.7768476771159,121.393844573794,52.1257741214055
"Ncald",21.7575273022407,19.6969828917188,2.82763624739349,6.58829217876717,4.49215450326286,20.0908289,16.0550839974056,47.1685797332456
"Nck1",161.577077229638,127.748729418674,128.474418695743,220.873216274219,136.335808437234,121.966827276995,1085.29903521775,170.390585296777
"Nck2",19.6614988516867,20.1531059505733,12.0127265620516,12.1722878762965,9.3604861009637,28.9840479669859,14.5399303554327,13.4498145965096
"Ndrg2",28.3450323380561,40.502921636299,7.13375260320109,77.8540930975344,455.36826878088,14.3156253202592,71.3693964664848,106.033586895781
"Ndufb10",29.314806932839,23.5910054914792,24.3263011350468,23.6799705387314,20.7968519379553,20.0585877875505,59.7902382074195,20.5337804412098
"Ndufb11",70.6781468278612,113.2833915,38.51204042203,156.03696014067,58.51509250996,43.05702044,235.479279180545,81.4037484397579
"Ndufb7",105.108900271865,145.742428578757,69.8840349004175,173.289475151439,67.3178599407669,77.3405005710315,283.023357442323,100.028384650204
"Ndufb8",22.7919761397299,19.2524137319835,10.5955912001678,22.2921153455006,12.8041347749778,13.2956435702599,53.8195484040849,13.8619756998309
"Nefh",119.304276616966,21.0341887471654,16.6884588817835,13.5018367883292,15.5382778893485,28.9215187382723,90.380807222153,17.0291276886969
"Nefl",28.3387285506812,25.2682403352225,38.0181729541593,25.4256741544512,18.9853818707425,38.527694140654,81.9305448981655,14.7003974617023
"Nefm",20.6668684547465,15.7264850434506,27.3351365842185,11.7379899122343,7.77890023267063,32.38347301805,38.845947876141,11.4827173578921
"Neto1",112.814041490648,21.5702889870741,196.382106060365,28.6256770172904,6.99463637157137,76.1096913441086,54.9383158716438,87.660137784334
"Nf1",32.2735437774442,27.0825736,16.4733383803024,18.6871734969474,19.6917354783109,22.0539566092481,71.7572404616451,47.01507911
"Nipsnap1",91.5543363988842,27.3667418109113,59.249345774239,23.221518564023,4.76584712235428,73.2546390297731,44.79584925,24.1560627550232
"Nit1",25.5504146473928,16.9382055095494,18.4637832947854,14.0894038202463,11.2879588347857,22.4367639048411,48.0289548523192,18.3541479480785
"Npdc1",35.3212882398953,18.6549102679623,16.0390004326651,20.1714423052402,11.1593901959593,33.3544437537535,19.3860122,25.3240745918255
"Npepps",71.84625999,91.91162617,52.01528566,40.2545165360482,47.7353868924439,61.1183035733573,126.607890276447,48.9754289001436
"Nsf",80.3551834889943,30.890596434663,59.4568967808937,34.6019786324014,17.5990773464387,76.5512419329476,108.726499303361,34.1380572814263
"Nsg1",100.66427231786,41.5389076824115,93.0686676454657,41.2765480355622,26.4123401255178,63.3467976632723,121.575372267467,67.6868540183667
"Ntm",118.753658396754,17.4618411780428,81.502701368759,25.7742449628965,173.322299265374,103.698246319477,50.7064288848732,118.92305469781
"Ntrk2",52.5539376006644,7.89042034410268,31.1186357834329,10.0977126941308,44.5992481264905,44.4828500610578,20.4650497683753,35.3809195164031
"Ntrk3",68.6269217031435,12.5092311164807,79.2796118435817,20.91498493532,9.51186141636181,63.0621888208853,33.4254559383154,71.003445213651
"Nudt9",37.92866831,34.3347586529696,17.5747235404945,29.8947120053983,48.6031688007948,25.7606525382755,172.196133256133,38.1097265551174
"Nup93",19.3110740509288,4.51137177498508,44.1582038215875,6.83208574478085,6.27101302892583,20.9535374075733,12.2643236508424,6.10578203959673
"Ocln",10.4713753144778,5.30769060975717,5.15072821118482,518.933290381737,2.53566404248736e-05,13.2778187187772,78.961647948602,6.83336252838062
"Opa1",34.5255913217779,36.8977757555505,39.4636864415244,26.82142633298,21.3780464039109,33.6312321247808,95.0637588991626,28.7982051727375
"Opalin",17.2559681268485,1110.74357980257,9.15972585567263,32.0631918626327,28.5144353849871,20.0296248182192,65.62631943,43.177069845963
"Opcml",84.0968815819511,13.863599427439,40.869694925301,13.4420730181942,4.47302528176161,93.2435170304705,20.7456844915184,154.959144485764
"Ophn1",95.8144684130522,9.21622589624042,95.4107468316575,47.3955278991194,67.2120969113039,85.1157276610697,1198.67128257883,165.340145765065
"Pacs1",169.29751774529,32.295961724514,139.669289442219,99.7542169004453,28.8993590608426,165.114766610056,438.801159843994,141.64015584772
"Pag1",36.8762115744672,28.7734627555796,31.1751963578799,26.4764445601675,55.082877229242,24.7847567099135,1376.92771381776,54.917499748162
"Palm",20.023395647881,4.74595997234515,33.749363672893,23.5977200853181,8.41442035330605,30.9254112596722,8.37509521716734,13.8371407826477
"Pcca",92.5799033114374,65.46948691,62.4609277040804,158.257018315391,40.6928413073616,70.4830457336073,126.825747321071,53.1490873375682
"Pcdh1",36.159058950033,15.6678074960912,35.6478854706164,37.262618075299,30.5798922386696,61.2049470287954,40.0122208910488,36.029781981338
"Pcdh7",24.1186580511858,7.93098336993877,16.29257136788,13.50632158,16.0510317029474,27.2638000644211,16.3878923489783,31.7266126231148
"Pcdhgc5",25.8784700677891,15.1305340510877,49.4524555695476,10.6135748436434,33.1813950399149,59.4756823807247,41.6178974323753,39.2435524569293
"Pdpk1",15.1009259792622,17.3281039898393,22.3142509512768,16.9410431840017,10.1047153254101,18.3776472373978,43.8835915485452,17.9554516411872
"Peak1",13.7915304552589,17.9895863710794,29.4218671335978,21.3705880356569,19.1144360562914,23.7196678026568,124.894178426081,36.5951222402486
"Pgam1",253.837367083387,157.185799597862,117.004418445169,159.519417575406,115.405168997593,130.429231808422,484.31231915649,101.468151779611
"Pgk1",220.968108777953,183.086963907579,150.460402570983,224.93610910744,143.751378947103,148.083091638083,557.811728863177,143.420345207777
"Pgm1",56.459756258569,70.0377004407237,11.9036471084338,66.5850220763143,27.1661792228799,54.4445703173717,107.800328832174,65.0470069497753
"Pgm3",55.6626919120772,41.7813574740927,29.8170778754356,42.1151923296481,37.9687269881938,36.1698904841423,107.308709422931,37.0575469919879
"Phb2",269.662334134264,135.762326943908,176.531149503434,91.5031593660375,126.879458237809,230.852577777124,526.617340994372,212.55622205417
"Phldb1",6.53558343721716,194.633496470382,3.11245841215112,13.4111994018117,4.6284598571591,7.782804078,11.1684148743801,70.6516624983239
"Pik3cd",11.4500161944041,0.660295369215357,3.40294979654258,5.74590733869447,0.524338935583492,9.06064287837151,120.336321243216,1.55685905601466
"Pik3r1",34.7514205988536,171.852377521755,35.9906948485412,80.3664028659431,117.925518580756,53.559499523195,406.611916911241,180.626953484334
"Pip5k1c",50.74972726,22.7755330577589,40.8036645503828,35.9476590941318,16.8242961420952,93.9781828529305,184.725882861809,36.8946926191881
"Pitpna",46.4825026324601,20.6396324507662,21.9231451541582,32.1557217296311,13.9492405716895,39.6439770429977,112.411948331712,21.2097928263137
"Pja2",14.1205138495543,10.7968601613449,13.4199515490725,8.80892424762686,6.66704001977714,11.6432166269658,23.8730197847076,7.99376988847536
"Pkm",127.419617462635,159.236632669832,92.091073193496,129.206865860467,69.1412273806309,81.1043291133273,329.431662458189,127.388289476863
"Pkp4",60.2339454704927,110.102546103102,24.5988847245656,69.7637335225728,14.3089085826419,36.5854283808783,89.8733912151759,32.9230310721723
"Plcb1",49.9799442276745,7.33859750610569,91.4045266774806,17.3167900073951,27.1509302667138,56.8546810238998,18.0498208457057,40.6521021785115
"Plcg1",132.77849557826,58.9744275207458,94.2514174725492,125.923409490259,100.498755775552,110.868259591012,241.455202380532,91.4461460532643
"Pld3",85.361834813694,31.2073376276585,71.3857926738275,50.2329907946014,20.3645293022516,86.9193542189168,163.658600011241,49.2911870138377
"Plekha7",32.1428718399892,1.42148658086263,7.97838478868132,6.35728799746544,24.1600599731202,40.1375841984861,21.3388892883243,9.40855289958556
"Plp1",4.2771209475685,465.111405584022,3.12819806655697,16.8080936072238,12.0857150254156,6.6692621,29.1029795383769,35.1461729867573
"Plpbp",50.0783120383776,56.9604189879914,29.3195827090836,19.7857309676811,14.3104067303591,47.1975181290776,45.0862106608109,28.0388391067874
"Plxna1",39.047904649631,9.5168465096658,5.11685151139289,31.9533536423123,14.1476908121359,34.4467702177718,26.5090407776549,18.1407052942567
"Polr2a",29.3878072862589,28.3909418787264,16.9157599173275,59.9178742,11.0719400745931,23.7449784380286,115.185125650655,21.318838096196
"Por",68.1698757842668,56.7242706088917,58.3177766836302,148.042273109832,120.779550936672,62.0921507287418,116.615933344488,80.5866230651939
"Ppfibp2",0.754957519051581,150.652750027594,0.358525944226965,20.9525572314482,13.2418799484646,2.60101462239314,58.9290131765909,23.1357148087185
"Ppp2cb",65.5756295999289,54.5319383551742,33.1497866837541,76.3915798373387,29.181981202079,46.5391834868076,130.091118636071,69.4103987898465
"Prdx1",15.8900231478239,107.447233050984,13.7954741428312,61.5097632920195,81.5058207994984,17.0040495854814,131.945276886137,45.5719112599742
"Prdx6",23.6258930976824,23.220250609192,17.715187929029,34.0969713711418,282.216614494044,25.2906521581221,39.5826264483348,24.9776173756531
"Prkar1b",23.6776905622436,7.82846739716027,11.4302175832608,8.93813599078956,4.1487583185449,21.4350353898829,18.8088757922769,6.86544581861435
"Prkar2b",188.796486848097,38.7828177608879,447.147090541855,58.8205479954619,18.7938480137311,181.464710499856,64.5347752528135,102.193817782907
"Prkcb",40.5537146211764,21.8022021434183,81.00388533,28.6603601544133,8.29152576488025,63.9263108841316,117.497342974961,45.7624579753227
"Prkcd",0.682170160114357,3.94912983263307,0.888896740527396,73.1858478737568,41.1981128859911,7.22660477747578,1313.58145687502,3.85212045651915
"Prkcg",493.930922407104,95.6513842542515,562.682794868444,165.488401186367,44.7791504980013,781.141894554851,256.519158512572,135.002220945425
"Prkci",19.820791403098,11.54662996554,22.7153431395949,14.6389201240939,7.335916163,19.92799976698,30.5310332021011,17.3702901932757
"Prpf4b",214.425821587416,200.906277319223,172.529497109549,138.011156900786,130.707976818936,189.534284269324,533.6249173,211.313905604421
"Psma2",144.723383844166,141.45725674627,76.1201774393537,85.6155767336443,67.2563954441252,101.664399365187,387.700066113269,121.970579784331
"Psma6",43.1279020441228,51.0245862664476,32.8540512540604,70.2570470150361,33.7669387546215,35.2762671897644,126.753368630385,34.2930052363956
"Psma8",19.1573532567426,3.0361420722751e-05,4.59097889131911e-05,134.443399041202,12.1080816471968,1.16795428391315,1045.54240533188,0.000172078
"Psmb1",21.03098122836,21.4412861418798,16.1220245575717,12.8047232341885,12.1075812020652,15.8256415432361,56.532702755829,17.4528986471696
"Ptk2",136.019657035692,400.366635738336,157.604095336433,150.741339002496,114.153863187111,307.349569616305,119.961340178679,207.649864929387
"Ptk2b",3.46877927467228,6.14543727356742,52.3761235846677,12.0674780885845,3.3094180375917,30.305047615893,66.6337809597249,2.65262052521699
"Ptpn11",91.0635732757613,263.494597948397,89.6541128510244,103.688286461836,31.8764994244877,68.3153568954843,159.754566264021,66.0598304395595
"Ptpra",195.260329903418,305.894208989862,144.627105282303,221.551266164411,191.618138165025,184.760884603279,997.47071326472,257.598318153102
"Ptprd",11.0793588267982,51.5581016004967,11.5109012615586,5.61181762436407,3.0728378944284,43.2653871287527,6.59168457306344,5.89407593975671
"Ptprm",175.085306432793,18.2530677723131,32.0575939110666,67.57132996,27.4066463613404,21.5149690297665,142.556294982886,39.0738027647447
"Pura",66.4986280826899,60.6817102995326,46.785496035321,75.7101324893163,33.6180715843479,63.3479163016394,176.137972476234,89.5241749834091
"Pxn",89.4662162164504,140.181258225205,106.969313648122,243.765069375116,88.02697898,123.871435820456,782.906188827541,129.422508923718
"Pygb",109.978297396356,36.8104421985531,23.2778132535852,77.0394807298243,315.30847192405,70.8657467209628,154.252105271011,41.8851804852508
"Pygl",17.6278428410391,2.24497263143868e-05,14.6785063519221,19.1025452152677,189.807428533998,32.8297252124288,1003.79714152524,10.6846830489583
"Pygm",231.523330543265,32.6765896432891,87.6296372943622,980.063761616048,1060.9832883374,76.554386760186,320.0878558307,32.2565276515645
"Rab10",25.4200326339619,54.9527656874364,20.6725391081523,28.03118756,26.5556736587358,20.562889340295,86.664324166733,40.3240282161369
"Rab8b",16.7924794603101,24.3853688148637,8.46239326188212,33.157945889454,10.1886946951954,20.1529839890772,330.761879259567,52.6162820729267
"Rac1",29.2430660078562,53.1329640937846,23.9142074473701,56.2445807430809,24.0453169805302,25.1468072568333,212.642199483177,38.6201916553044
"Ran",88.2769170968149,70.9923350785309,43.8650386916859,80.70958985,33.2837929430402,66.42272224,165.793975481439,78.6977462298168
"Rapgef4",88.7824492715077,8.49085245567733,56.1172017723623,37.8246622681383,5.75783608915894,95.7747994000904,16.8659948813318,19.558244424011
"Rbmx",24.958450058103,21.7976795954771,20.0865560816673,20.3217416064978,22.8999398284342,15.5284515440841,37.0180572435562,42.644708980016
"Rdx",79.5242833677633,226.622053691154,35.8030095003099,164.939268838113,70.6754634637613,51.4689136594917,233.651133050846,98.4400897938146
"Rgs20",5.96915088247814,3.77868623586035,48.8487603265881,4.53636954552063,93.1482108292511,9.39176563747986,8.873303232,22.1891152458745
"Rhob",5.59306773461498,37.7826176361267,7.03867666824253,29.3598603502112,12.6379733609728,6.28364184552506,128.215235465641,10.8742797380743
"Rida",19.6920978921849,62.191346199799,18.9245517188551,24.0397848861816,141.602326411045,15.244338681441,117.55979878557,17.8712407406322
"Rin1",8.01774986415077,12.6488090666205,134.786120695261,29.6691094353427,7.47101156527833,92.5349382703544,29.7747943797278,4.41731382649394
"Rpl10a",24.7128036524889,16.4260981708746,17.6204892681059,39.0081405674572,16.5401988618374,20.7614555098555,282.80840075738,42.0817259294628
"Rpl3",46.5060235317419,39.5735785649798,25.0517733491998,67.1035390509445,29.5599061523992,30.4678281123167,253.109100186353,34.3270325466265
"Rpn1",107.882437654393,81.8533201098312,51.7197878413047,105.467668296744,71.5852198942148,74.3157715695529,189.270617522314,134.551579113252
"Rps24",24.9665848806941,41.0567600060951,13.0166305106256,57.7630786165943,26.1586689342695,19.1497931190455,219.051938702764,35.0268606969518
"Rsrp1",22.1648490114023,26.4911200924723,11.2705777132946,11.2325128758475,15.2368687285864,19.3131045789951,75.5512221507533,11.8399893215695
"Sash1",11.3366305245308,99.891613364391,8.51014632391179,120.403053144048,197.645968927517,6.72213436869528,46.1171729955993,157.868662137872
"Sbf1",17.1837232270593,66.9867079702251,14.3949784116771,12.4697778573256,10.9026360459793,22.3623671416854,46.4900335085401,16.6712314446465
"Scai",46.69922949,20.1795509654219,28.417435793431,19.2879864569677,12.7252579910413,56.7362957100432,68.5546708026166,37.3037645039838
"Scamp1",94.0173812658753,59.2753591850054,110.375785833549,58.2747916692539,31.7357227150818,80.7245043174373,214.746433097229,77.9217039569535
"Sccpdh",16.74229995079,79.6125620115075,3.938093027,9.86292881094989,10.3557603412875,9.054495785,24.7635331649414,18.6438234297711
"Serpinb1b",53.5499161366288,3.56497849968771e-05,39.576949813739,0.000287501,0.000115096,12.9670201004384,0.000171856,0.00020205
"Setd7",41.6801615467565,48.375374312567,25.8796649674355,62.2690708379171,24.7206037741041,38.9749300197503,63.8374386205411,42.2855526851132
"Sh3gl2",36.6710362128578,17.1898019050052,26.4884746175543,15.4200875455109,6.4400898427726,70.5633194378426,24.5823874300487,25.5027786693876
"Shank1",111.912006772099,12.9038314625605,19.9566346018681,23.6711405960881,13.9297123634944,125.86433049369,30.4298367269438,20.9222849049286
"Shank2",67.0494676379396,9.95579541475588,59.2303952892646,23.7078158068691,6.2983516360891,117.49247534335,51.1877976424647,36.2567263446622
"Shank3",145.966920326157,18.5896484286491,229.830444338623,93.0538085931035,9.53596619924212,220.82369123312,99.8375823251427,80.4018416749461
"Shisa6",58.73139067,4.95028369789727,4.94564112534324,8.36080421224619,3.03288049190568,15.5554098828991,5.69300234712831,26.6990523465144
"Shisa7",33.3083905891048,5.94299963250807,59.2202934431762,13.34240378865,2.63912727813156,42.3008155979792,26.695753494718,40.172451894745
"Shisa9",18.1151079216754,2.90565671826837,23.317830364092,2.60665684303113,5.012365337,11.6210289722685,7.92934847413562,13.1594919143387
"Sirpa",96.0939703120116,48.2147298977609,94.1393481702239,77.4303951654491,146.789245421335,141.522231155565,1416.93898913175,77.1472465186915
"Slc17a7",8.21259192647842,21.9479313013676,5.48983656536872,20.0561299114434,9.93883057435477,99.5879923412997,62.8811607382587,10.8665178335803
"Slc1a2",12.7676300014079,15.2149758196478,5.83538586688822,22.8115995687961,534.455589997195,53.1856275918554,41.7753198157861,50.7479782663481
"Slc1a3",28.5197529633672,293.276109715136,13.489324776303,905.407966078402,4270.15781889789,24.3346552596815,1082.44935274274,632.1433558
"Slc20a2",11.6909669391581,45.8504224492405,11.6431372423148,14.1142817826694,13.7400031827325,12.4369055792624,22.6539987476883,15.9219958052466
"Slc25a11",114.293823610936,71.18747401,74.6011688469806,95.6008188272418,74.73137028,72.5057146559004,379.002865527991,101.574820089421
"Slc25a4",140.061866783076,126.071786701127,63.6925772891784,130.425163089973,76.0296017849516,77.4533023235926,228.373142557762,118.094739675428
"Slc25a5",119.558264431085,99.4091031763876,98.1595271092515,166.185499892483,93.0244257739021,58.6315128300043,431.720860360355,106.719667626585
"Slc38a2",9.41277860066651,24.8312985229668,3.38381431632608,71.96850668,1.97055262219359,6.94090309419453,14.8060594104989,7.06082486617544
"Slc39a10",21.6624926002751,20.1196173241285,24.2758525329126,48.7011784145349,14.8183967734632,49.422883357262,50.5246389147643,25.154369077588
"Slc4a4",50.2635022543873,20.5072759288077,186.894119323686,111.515211258852,589.909479245055,37.0304866551221,59.1497634958658,39.3987951538706
"Slc6a17",88.5547637752731,11.6814881380152,46.2622203689121,29.3675634941374,6.36234029560002,87.3591227971883,28.5506325107651,9.7841728427356
"Slc9a1",33.1957147239248,18.1735109158968,37.9642731737444,27.6442244943182,6.60189411288602,26.6032277810562,50.9620289449785,33.3424219242543
"Snap91",40.1316684115235,10.9281003193926,20.5055100752636,9.08180122405211,3.88842339971623,34.7904183457152,17.9326391080448,27.2051638832029
"Snrnp70",62.9413934822756,47.8294763149144,39.8482208434344,28.9500262472125,40.840973714274,56.0077261749277,107.977096179749,48.0960864124818
"Sptan1",122.174928054516,29.6147273798045,72.3166403842479,77.8078170354893,31.0584468805854,115.682421123026,68.9512198579476,57.8865976416288
"Sptbn1",34.4627465970124,50.633870402512,51.7724259055387,104.487759257459,28.127640620551,44.6558773948817,35.1898535676648,31.279909769357
"Sptbn2",49.4065157,18.2407409767978,71.6081952851923,33.215930749753,21.1642373095381,103.170040662352,42.4300772695866,22.029325549959
"Src",80.071929930599,33.7913924016381,52.7921100298523,22.3746813095938,61.2566925477314,83.0922914421624,98.5693011961054,120.834840871931
"Srcin1",39.4026251424421,77.0290852697617,24.2449593508381,9.61298591894239,5.5645769513995,50.6464029440009,23.670158221428,13.5221717054282
"Srsf1",60.6097772554186,45.1493556485848,36.4382196336547,35.2175425597326,45.6831675686242,41.8430582963878,77.7277367204314,52.5740072346936
"Stat3",25.9666526489693,40.4335249585855,12.899905873514,55.0144995719357,33.9076701187823,19.1781061194155,152.068380269852,58.1745810080243
"Stxbp1",64.9161758743996,18.3646668378535,40.2624810537472,22.2833805133466,12.2265126385982,66.9849090374439,49.6573398800636,21.8267499681769
"Sult4a1",95.8999492591152,34.4314212717331,60.7751963680735,26.3280827043879,23.133471511625,86.23416155,91.965245572538,74.7734230497266
"Sv2a",174.450676649289,98.8973781340453,57.8220251627049,28.5285160086591,17.1389879603437,86.8717441863568,105.824018111023,31.8257084432784
"Sv2b",15.1609517581722,29.8907311480556,46.8519525366378,35.6683329745691,11.8611014646091,147.539603382945,73.9206188325783,15.5345474253693
"Syn2",350.041075284741,47.7812172751335,242.972158748049,47.0490453732975,103.927500121539,272.515812658926,112.749952687104,276.724874773491
"Syngap1",67.7727440125773,18.5295760407651,111.849345913311,27.4890735649259,41.4895335155264,123.303237257859,60.5370784514866,49.4171927069084
"Syngr3",63.8737901246917,9.90914399766171,24.38780623,5.37579636730904,3.5461460050323,33.794763934853,23.453574291131,11.93356969532
"Synj1",98.0115819464329,57.8814148915781,72.6359981050663,36.5701647437531,31.6726996849019,102.382985937443,211.52720061021,67.0480923510817
"Syp",711.682971712598,201.169123849374,230.2964839,183.498849243959,76.1008077423053,519.907863029921,469.224493665492,126.856455053404
"Syt1",335.158385969398,80.6365564400077,179.035565197257,85.2165390199196,36.6102966138858,282.455949243621,200.275480161302,52.0103563232688
"Syt3",401.396223349778,100.972498382502,206.132682176531,68.2441385018994,55.8802887669786,222.543478323057,234.410351707975,133.205583220355
"Tcf25",47.8314010130877,39.2727158998195,24.4125533209767,35.0025525408701,35.5258538307113,41.9564767105164,128.463629888068,38.8603460621722
"Tecpr2",8.7713683629013,16.7306346619604,10.1832991683632,4.05487289012311,5.04814457246297,15.9233616232033,17.496887316302,6.94248538619413
"Tgfb1i1",57.5704642045315,10.0938061036667,12.1452462032598,418.572228720219,8.63000431613765,109.756835543287,63.8095107333533,120.378294815876
"Thop1",37.189968249265,29.0750003706367,55.1622315403258,29.5076995694287,10.3398503708573,51.4491719267578,42.4048363836076,39.46235525
"Thy1",227.435585308051,103.027040402076,79.7955494099484,93.4719483454065,56.2289469459484,211.531988879833,277.872979391836,66.8781464438211
"Tjp1",28.2262216387543,25.7803777842541,26.3112206634319,58.2976579173937,22.7474221188909,30.1500015899272,47.2316413297435,27.9015080734561
"Tjp2",58.6942912125833,638.858923476941,8.80723409397067,316.247316123786,327.348064418942,32.5195446935282,226.049122400655,322.741280848401
"Tln2",9.18685452032387,7.76266378710833,18.091405710766,8.47328113666965,2.78522568153842,10.0793898489322,48.1307463269137,9.68242410414568
"Tmed7",33.9981583265393,52.5483544473238,23.75660844,38.7682757732003,25.0494460811939,27.1945428823714,131.246110722801,53.9796268971957
"Tmem132b",62.232329048232,36.2410668128024,41.6337245190477,19.0756783879978,9.06414038532338,46.6451617517708,33.8877085608556,94.1223575533058
"Tmem88",21.3077920211658,13.9629740294676,14.2161975705023,133.471996066475,14.8993815406571,41.9928237794737,77.9594465683921,15.4551883962382
"Tnk2",45.4232396402971,37.2498050347823,43.0083947168693,22.6467440296174,22.9617164956542,51.7683871868831,22.5312841063981,57.9697814933016
"Tppp",15.3255951240005,79.24762698,8.52069107958729,12.9084351731428,6.58567059912504,15.6974952010097,33.0478997151057,12.6190589629079
"Traf4",9.58265612592018,1.60471781995963,1.22095720681725,31.3111049184541,10.6245070856622,4.13476065045976,9.459397171,190.674385178596
"Trappc8",51.5319009267566,39.8074403368954,39.984857406671,35.3080439920186,20.2514060577853,49.4848467093274,165.743845810718,35.0397241763922
"Ttyh2",4.08500360655244,327.18227601233,0.901891538658124,42.6363548280775,31.0613653407592,4.68452465410072,57.1925168909466,33.2888313499136
"Tuba4a",55.3200477579362,52.7971159931102,47.3298823835637,34.3238883185534,33.788138791813,60.4680679229131,133.21032267272,34.166431198165
"Tubb2a",202.638464068524,61.9903995513885,45.9024934925579,60.5615750855496,127.356171727217,90.8643235068067,191.688760360578,96.2603172076826
"Uba3",15.9760603820148,12.1333477843985,7.20016694134986,9.21186306466725,6.37980180428178,10.1021453562763,25.29612866864,11.4266670082298
"Ube3a",17.5352451906798,13.8078130156922,16.7486362830442,14.71833709,9.3899042684971,16.7646481044536,46.6568288181968,15.7380290538642
"Uqcrb",96.6514621923698,85.1482649084665,44.4310770595448,135.15862309444,61.3258919665879,56.2576837797872,251.577627152364,62.4210675831141
"Usp14",52.164517125529,31.6819878451229,36.8451462051869,23.2480051387622,17.6003524129419,46.7349833923128,83.8586271007616,35.7635155992155
"Usp7",81.666233899588,56.7548052949478,78.72718709,56.4747765017204,28.1904007847133,93.4700229271465,138.749147795259,56.6394476701759
"Vasp",33.379686305939,12.73793365263,9.54832393652849,72.0633843074961,37.0744801204538,12.4873422346994,346.806537761941,34.753716305579
"Vav1",1.16749617236865e-05,6.03836740740959,1.21885889146115,16.3116224906667,2.03119017144371e-05,0.696936729328877,3753.69180352051,9.8649883735408
"Vcl",67.1647744102071,14.6669422718997,100.538943303194,305.014397339959,292.176935025604,49.1197102760447,137.920715856058,40.6965117630238
"Vdac1",41.8370766487098,28.3464306569481,34.1408001782516,33.2217312924973,24.1678001173405,30.2376885171281,73.9709096983467,22.7806003815697
"Vdac3",52.5811796602106,46.9835103937033,29.8838994425894,39.9841857890434,28.5774283389721,37.5621021476427,105.578096844267,41.8038616987671
"Vim",15.1249166766807,19.4285345426058,4.77551532858415,702.880506773166,98.4586893041535,5.772979095,125.466772147647,17.2908004448651
"Vps26b",7.09767417526135,6.87087834731434,7.59301934422881,6.93180430604949,5.00874656694741,7.604067001,20.4546742449778,6.93263046497012
"Vps29",85.202850449329,58.6848367204199,62.2807285638409,59.7129306313308,39.803493773426,68.4000991913967,243.627553481131,57.85729982
"Vsnl1",118.224798076218,33.7082939519618,22.52784426668,32.3237148343553,18.1686857728951,85.6393697102696,99.2481659273856,30.8238204907422
"Vta1",49.9838010502855,59.2164532502983,45.5795800762806,32.7698710925673,34.0948686508273,43.5944164137391,173.560680291632,40.3321537003397
"Wasl",346.247397923607,286.771921789196,267.28354420803,328.726764503421,207.525439464548,397.2535679,953.569691516058,334.424275984085
"Wdr1",37.9257650648223,35.353154815991,16.5040047098866,43.7367247517988,19.7374147131379,44.7229554128135,173.054363989013,109.273268757347
"Yes1",193.17811870997,60.594283043837,106.434865264676,197.100541683404,77.8717124816025,52.7000680994665,652.753280583064,129.851377735809
"Ykt6",35.8856781719428,27.8692154711448,30.2275961180875,22.8023506676948,20.2437183715918,44.2581778522039,250.663890963226,28.698606645611
"Ywhab",104.22315555764,95.3716651278692,68.2116889648835,120.854040825754,37.8549689767997,89.7665646051917,240.002134943184,70.585251345344
"Ywhae",248.054191368111,328.1443461,171.484881308878,342.807500756309,150.044754409512,188.994520680685,855.310535806716,221.334310583673
"Ywhag",70.8359327119016,36.9514576454364,27.412645139287,37.1843700411126,15.5157408464895,58.7816938484053,127.946356331135,30.7159428501132
"Ywhah",23.689601421954,24.8225319013215,14.1040160000621,22.6406284092234,10.548390189681,30.2856276050748,208.9854006426,14.2661637325876
"Ywhaq",118.687717166362,573.051861049542,80.6471164458954,134.047041562956,87.0632373091898,99.5252739486927,284.436041621052,124.066549731054
"Ywhaz",160.105698262819,166.400046927398,204.484816588914,199.687714791481,86.6598931958276,173.47812444011,446.532858709283,83.7145975512682
"Zdhhc17",12.582572438242,13.9350928946861,12.1434253721269,7.29760927968835,5.04018555267913,12.5473319647182,13.341775791824,10.5730337707166
